City_ID,City,Lat,Lng,Max Temp,Humidity,Cloudiness,Wind Speed,Country,Date
0,Vendas Novas,38.68,-8.46,62.6,88,40,13.87,PT,2020-11-07 20:36:29
1,Arlit,18.74,7.39,76.28,23,0,13.06,NE,2020-11-07 20:36:29
2,Santa Cruz,-17.8,-63.17,100.4,29,0,17.22,BO,2020-11-07 20:33:45
3,Montepuez,-13.13,39.0,73.89,69,50,8.77,MZ,2020-11-07 20:33:51
4,Cockburn Town,21.46,-71.14,78.8,78,90,11.41,TC,2020-11-07 20:35:10
5,Lubumbashi,-11.66,27.48,69.15,31,16,3.87,CD,2020-11-07 20:36:29
6,Yellowknife,62.46,-114.35,12.99,85,90,5.82,CA,2020-11-07 20:36:45
7,Tuktoyaktuk,69.45,-133.04,26.6,79,75,21.92,CA,2020-11-07 20:37:19
8,Caravelas,-17.71,-39.25,76.48,84,0,5.82,BR,2020-11-07 20:37:19
9,Grindavik,63.84,-22.43,41.0,75,75,23.04,IS,2020-11-07 20:37:19
10,Atuona,-9.8,-139.03,77.86,70,66,13.4,PF,2020-11-07 20:37:20
11,Barrow,71.29,-156.79,30.2,92,90,25.28,US,2020-11-07 20:37:20
12,Vaini,-21.2,-175.2,78.8,74,20,6.93,TO,2020-11-07 20:36:30
13,Ushuaia,-54.8,-68.3,60.8,41,75,12.75,AR,2020-11-07 20:36:30
14,Cape Town,-33.93,18.42,64.0,82,75,18.34,ZA,2020-11-07 20:32:28
15,Kargasok,59.06,80.86,35.53,84,100,11.74,RU,2020-11-07 20:37:21
16,Skibbereen,51.55,-9.27,53.6,100,75,9.17,IE,2020-11-07 20:37:21
17,Belaya Gora,68.53,146.42,-2.6,92,100,2.73,RU,2020-11-07 20:36:30
18,Barrhead,55.8,-4.39,42.01,93,90,5.82,GB,2020-11-07 20:36:30
19,Jacareacanga,-6.22,-57.75,88.65,56,94,0.96,BR,2020-11-07 20:36:30
20,Dovbysh,50.37,27.99,42.75,95,0,4.81,UA,2020-11-07 20:36:31
21,New Norfolk,-42.78,147.06,45.0,81,20,8.05,AU,2020-11-07 20:36:31
22,Codrington,-38.27,141.97,46.54,86,4,5.53,AU,2020-11-07 20:36:31
23,Punta Arenas,-53.15,-70.92,60.8,51,40,31.09,CL,2020-11-07 20:36:31
24,Limbang,4.75,115.0,78.8,88,75,2.24,MY,2020-11-07 20:36:31
25,Janauba,-15.8,-43.31,80.17,64,84,6.78,BR,2020-11-07 20:36:31
26,Kruisfontein,-34.0,24.73,63.0,77,0,4.74,ZA,2020-11-07 20:36:31
27,Nikolskoye,59.7,30.79,48.2,87,90,13.42,RU,2020-11-07 20:36:31
28,Constitucion,-35.33,-72.42,64.63,56,0,16.37,CL,2020-11-07 20:36:31
29,Albany,42.6,-73.97,73.4,43,75,5.82,US,2020-11-07 20:36:31
30,Suicheng,33.9,117.93,50.65,45,0,4.79,CN,2020-11-07 20:36:31
31,Loikaw,19.67,97.21,64.33,93,0,2.39,MM,2020-11-07 20:36:32
32,Bilma,18.69,12.92,71.24,28,0,11.95,NE,2020-11-07 20:36:32
33,Pevek,69.7,170.31,16.29,96,99,2.62,RU,2020-11-07 20:36:32
34,Ribeira Grande,38.52,-28.7,59.0,77,20,6.93,PT,2020-11-07 20:36:32
35,Inhambane,-23.86,35.38,78.8,88,0,13.87,MZ,2020-11-07 20:36:32
36,Faanui,-16.48,-151.75,78.93,79,70,12.01,PF,2020-11-07 20:36:32
37,Busselton,-33.65,115.33,55.0,66,50,3.2,AU,2020-11-07 20:36:32
38,Nederland,29.97,-93.99,82.4,54,1,8.05,US,2020-11-07 20:36:32
39,Saint-Philippe,-21.36,55.77,73.4,78,0,11.41,RE,2020-11-07 20:36:33
40,Geraldton,-28.77,114.6,68.0,77,90,8.05,AU,2020-11-07 20:36:33
41,Mataura,-46.19,168.86,50.0,57,65,10.0,NZ,2020-11-07 20:36:33
42,Butaritari,3.07,172.79,81.05,72,100,10.67,KI,2020-11-07 20:36:33
43,Chokurdakh,70.63,147.92,2.44,95,100,5.7,RU,2020-11-07 20:36:33
44,Pascagoula,30.37,-88.56,78.8,61,1,9.17,US,2020-11-07 20:31:46
45,Soyo,-6.13,12.37,77.95,86,69,8.25,AO,2020-11-07 20:36:33
46,Rikitea,-23.12,-134.97,71.46,72,42,16.82,PF,2020-11-07 20:36:33
47,Mar Del Plata,-38.0,-57.56,71.6,60,0,3.36,AR,2020-11-07 20:36:13
48,Jalu,29.03,21.55,64.35,69,0,12.88,LY,2020-11-07 20:36:33
49,Jamestown,42.1,-79.24,69.01,34,1,5.82,US,2020-11-07 20:32:58
50,Nanortalik,60.14,-45.24,32.47,90,100,7.54,GL,2020-11-07 20:36:33
51,Yerbogachen,61.28,108.01,4.66,93,100,5.75,RU,2020-11-07 20:36:34
52,Gamba,-2.65,10.0,77.11,91,86,6.4,GA,2020-11-07 20:36:34
53,Bethel,41.37,-73.41,73.4,35,1,5.82,US,2020-11-07 20:35:15
54,East London,-33.02,27.91,69.37,81,0,10.92,ZA,2020-11-07 20:36:34
55,Mahebourg,-20.41,57.7,73.4,78,40,6.93,MU,2020-11-07 20:36:34
56,Karpathos,35.51,27.21,66.2,68,0,8.05,GR,2020-11-07 20:36:34
57,Trincomalee,8.57,81.23,81.95,78,16,8.61,LK,2020-11-07 20:36:34
58,Bhatkal,13.97,74.57,79.0,77,0,10.47,IN,2020-11-07 20:36:34
59,Ilulissat,69.22,-51.1,10.4,66,20,5.82,GL,2020-11-07 20:36:34
60,Arraial Do Cabo,-22.97,-42.03,75.2,69,75,6.93,BR,2020-11-07 20:36:34
61,Brenham,30.17,-96.4,81.0,47,1,3.36,US,2020-11-07 20:35:25
62,Severo-Kurilsk,50.68,156.12,34.48,83,3,1.92,RU,2020-11-07 20:36:35
63,Lebu,-37.62,-73.65,55.99,63,0,23.24,CL,2020-11-07 20:36:35
64,Bara,10.37,10.73,76.91,27,0,5.79,NG,2020-11-07 20:36:35
65,Stornoway,58.21,-6.39,41.0,100,1,2.24,GB,2020-11-07 20:36:35
66,Hillsboro,45.52,-122.99,48.0,87,90,7.96,US,2020-11-07 20:36:35
67,Pitsunda,43.16,40.34,44.6,93,20,4.47,GE,2020-11-07 20:36:35
68,Longyearbyen,78.22,15.64,28.4,86,20,2.24,SJ,2020-11-07 20:36:35
69,Waitati,-45.75,170.57,51.01,61,89,18.01,NZ,2020-11-07 20:36:35
70,Kavaratti,10.57,72.64,82.98,75,0,7.96,IN,2020-11-07 20:36:35
71,Palasa,18.77,84.42,69.76,66,0,4.36,IN,2020-11-07 20:36:35
72,Cidreira,-30.18,-50.21,69.04,80,2,14.0,BR,2020-11-07 20:33:54
73,Upernavik,72.79,-56.15,-1.19,76,0,7.36,GL,2020-11-07 20:36:35
74,Siloam Springs,36.19,-94.54,73.4,49,75,14.99,US,2020-11-07 20:33:05
75,Opuwo,-18.06,13.84,70.0,28,0,5.1,NA,2020-11-07 20:36:36
76,Palauig,15.44,119.9,78.67,78,100,7.36,PH,2020-11-07 20:36:36
77,Thompson,55.74,-97.86,19.4,79,90,2.24,CA,2020-11-07 20:36:36
78,Saint George,37.1,-113.58,59.0,22,75,20.8,US,2020-11-07 20:35:22
79,At-Bashi,41.17,75.81,33.39,53,79,1.77,KG,2020-11-07 20:36:36
80,Itarema,-2.92,-39.92,80.87,73,58,16.98,BR,2020-11-07 20:36:36
81,Los Llanos De Aridane,28.66,-17.92,68.0,68,20,8.05,ES,2020-11-07 20:32:43
82,Cairns,-16.92,145.77,77.0,83,33,5.82,AU,2020-11-07 20:33:02
83,Ponta Do Sol,32.67,-17.1,66.2,72,40,4.7,PT,2020-11-07 20:36:36
84,Whitianga,-36.83,175.7,69.01,80,70,8.01,NZ,2020-11-07 20:36:36
85,Chuy,-33.7,-53.46,65.88,78,12,10.6,UY,2020-11-07 20:36:36
86,Hilo,19.73,-155.09,80.01,78,90,9.17,US,2020-11-07 20:32:15
87,Ulladulla,-35.35,150.47,55.4,71,90,5.82,AU,2020-11-07 20:36:36
88,Acapulco,16.86,-99.89,87.8,70,5,4.7,MX,2020-11-07 20:36:36
89,Kattivakkam,13.22,80.32,77.0,94,75,2.24,IN,2020-11-07 20:33:27
90,Valentin Gomez Farias,28.22,-106.58,82.99,20,0,8.01,MX,2020-11-07 20:36:37
91,Guerrero Negro,27.98,-114.06,70.47,62,42,19.93,MX,2020-11-07 20:34:01
92,Rodrigues Alves,-7.74,-72.65,89.6,70,40,4.7,BR,2020-11-07 20:36:37
93,Saskylakh,71.92,114.08,-8.66,89,3,7.34,RU,2020-11-07 20:36:37
94,Walvis Bay,-22.96,14.51,60.01,87,0,6.93,NA,2020-11-07 20:36:37
95,Husavik,66.04,-17.34,46.4,77,75,20.8,IS,2020-11-07 20:34:35
96,Lebyazhye,55.27,66.49,38.91,94,100,9.64,RU,2020-11-07 20:36:37
97,Licata,37.11,13.95,57.99,93,10,3.36,IT,2020-11-07 20:36:37
98,Bredasdorp,-34.53,20.04,62.6,51,0,14.99,ZA,2020-11-07 20:36:37
99,Dandong,40.13,124.39,32.85,73,0,8.68,CN,2020-11-07 20:36:37
100,Souillac,-20.52,57.52,73.4,78,40,6.93,MU,2020-11-07 20:36:37
101,Komsomolskiy,40.43,71.72,50.0,56,77,4.7,UZ,2020-11-07 20:36:37
102,Naze,28.37,129.48,73.4,94,75,16.11,JP,2020-11-07 20:36:37
103,Nome,64.5,-165.41,37.4,86,1,11.41,US,2020-11-07 20:34:21
104,Dukhovshchina,55.19,32.41,45.82,85,96,12.37,RU,2020-11-07 20:32:55
105,Kralendijk,12.15,-68.27,86.0,70,0,13.87,BQ,2020-11-07 20:36:38
106,Huarmey,-10.07,-78.15,66.47,71,4,11.34,PE,2020-11-07 20:36:38
107,Hithadhoo,-0.6,73.08,82.87,74,89,9.75,MV,2020-11-07 20:36:38
108,Tura,25.52,90.22,64.6,89,0,4.54,IN,2020-11-07 20:36:38
109,Kysyl-Syr,63.9,122.76,-10.28,89,81,4.38,RU,2020-11-07 20:36:38
110,Vila Velha,-20.33,-40.29,77.0,78,75,6.93,BR,2020-11-07 20:32:56
111,Bluff,-46.6,168.33,50.0,57,2,10.0,NZ,2020-11-07 20:36:38
112,Provideniya,64.38,-173.3,28.27,93,12,5.35,RU,2020-11-07 20:36:38
113,Bambous Virieux,-20.34,57.76,73.4,78,40,6.93,MU,2020-11-07 20:36:39
114,Qaanaaq,77.48,-69.36,-13.31,71,0,8.39,GL,2020-11-07 20:36:39
115,Hobart,-42.88,147.33,45.0,81,20,8.05,AU,2020-11-07 20:31:54
116,Kapaa,22.08,-159.32,82.4,78,40,13.87,US,2020-11-07 20:35:44
117,Kutum,14.2,24.67,67.68,26,5,10.65,SD,2020-11-07 20:36:39
118,Coihaique,-45.58,-72.07,68.0,37,0,5.82,CL,2020-11-07 20:36:39
119,Tiksi,71.69,128.87,-8.05,91,0,1.86,RU,2020-11-07 20:36:39
120,Riyadh,24.69,46.72,69.8,35,0,3.36,SA,2020-11-07 20:33:54
121,Meiganga,6.52,14.3,67.35,54,99,3.96,CM,2020-11-07 20:36:39
122,Campobasso,41.63,14.58,54.0,87,0,1.5,IT,2020-11-07 20:36:39
123,Poum,-20.23,164.02,76.82,73,5,12.91,NC,2020-11-07 20:36:39
124,Port Elizabeth,-33.92,25.57,64.4,93,1,8.05,ZA,2020-11-07 20:35:54
125,Zhanaozen,43.3,52.8,45.21,68,100,9.95,KZ,2020-11-07 20:36:39
126,Port-Gentil,-0.72,8.78,78.8,94,75,11.41,GA,2020-11-07 20:36:40
127,Portland,45.52,-122.68,46.99,75,75,5.82,US,2020-11-07 20:36:40
128,Lasa,46.62,10.7,46.0,80,5,1.72,IT,2020-11-07 20:36:40
129,San Lazaro,18.04,-88.66,87.8,70,75,5.82,BZ,2020-11-07 20:36:40
130,Nalut,30.33,10.85,59.14,61,0,11.65,LY,2020-11-07 20:36:40
131,Victoria,22.29,114.16,78.01,57,9,1.01,HK,2020-11-07 20:32:02
132,Namatanai,-3.67,152.43,81.68,72,68,5.01,PG,2020-11-07 20:36:40
133,Kjollefjord,70.95,27.35,38.91,75,92,25.46,NO,2020-11-07 20:36:40
134,Pisco,-13.7,-76.22,66.99,82,90,6.93,PE,2020-11-07 20:36:40
135,Barra Patuca,15.8,-84.28,82.83,75,77,19.64,HN,2020-11-07 20:36:40
136,Rudnogorsk,57.26,103.75,24.35,99,100,5.39,RU,2020-11-07 20:36:40
137,Hermanus,-34.42,19.23,60.01,84,0,8.01,ZA,2020-11-07 20:36:40
138,Cherskiy,68.75,161.3,4.55,94,100,6.4,RU,2020-11-07 20:36:40
139,Nemuro,43.32,145.57,51.73,72,82,5.84,JP,2020-11-07 20:36:41
140,Port Alfred,-33.59,26.89,68.41,90,1,7.56,ZA,2020-11-07 20:36:41
141,Rio Gallegos,-51.62,-69.22,66.2,32,40,20.8,AR,2020-11-07 20:32:29
142,Boa Vista,2.82,-60.67,78.8,83,75,14.99,BR,2020-11-07 20:36:41
143,Morrope,-6.54,-80.01,80.01,56,0,17.22,PE,2020-11-07 20:36:41
144,Ourossogui,15.61,-13.32,100.4,31,0,6.71,SN,2020-11-07 20:36:41
145,Zyryanka,65.75,150.85,-3.82,92,99,6.31,RU,2020-11-07 20:36:41
146,Clarksburg,39.28,-80.34,73.4,28,1,1.79,US,2020-11-07 20:36:41
147,Capinopolis,-18.68,-49.57,88.7,37,64,4.12,BR,2020-11-07 20:36:41
148,Prachuap Khiri Khan,12.22,99.75,71.51,96,64,3.13,TH,2020-11-07 20:36:41
149,Kaeo,-35.1,173.78,71.01,75,31,5.99,NZ,2020-11-07 20:36:42
150,Dikson,73.51,80.55,-2.87,89,43,11.3,RU,2020-11-07 20:36:42
151,Marfino,55.7,37.38,71.11,86,0,11.18,RU,2020-11-07 20:36:42
152,Kodiak,57.79,-152.41,42.8,81,90,3.36,US,2020-11-07 20:36:42
153,Clyde River,70.47,-68.59,-5.8,83,20,4.7,CA,2020-11-07 20:31:50
154,Coahuayana,18.73,-103.68,84.2,51,20,6.93,MX,2020-11-07 20:36:42
155,Pandan,14.05,124.17,78.73,86,98,8.28,PH,2020-11-07 20:36:42
156,Pacific Grove,36.62,-121.92,57.99,62,20,8.05,US,2020-11-07 20:36:42
157,Kungurtug,50.6,97.52,20.97,93,70,1.16,RU,2020-11-07 20:36:42
158,Salinas,36.68,-121.66,59.0,62,75,11.41,US,2020-11-07 20:35:21
159,Narsaq,60.92,-46.05,28.4,74,75,3.36,GL,2020-11-07 20:36:42
160,Rovaniemi,66.5,25.72,33.8,64,0,13.87,FI,2020-11-07 20:36:43
161,Broken Hill,-31.95,141.43,57.2,41,0,10.29,AU,2020-11-07 20:36:43
162,Norman Wells,65.28,-126.83,24.8,92,75,2.24,CA,2020-11-07 20:36:43
163,Mehamn,71.04,27.85,38.44,75,73,24.63,NO,2020-11-07 20:36:43
164,Dingle,11.0,122.67,73.4,91,96,0.96,PH,2020-11-07 20:36:43
165,Haicheng,40.85,122.75,31.5,69,0,6.51,CN,2020-11-07 20:36:43
166,Srednekolymsk,67.45,153.68,-4.92,91,96,8.1,RU,2020-11-07 20:36:43
167,Oktyabrskoye,43.06,44.74,44.6,81,100,4.47,RU,2020-11-07 20:36:43
168,Beihai,21.48,109.1,70.32,67,0,18.84,CN,2020-11-07 20:36:43
169,Vallenar,-28.57,-70.76,78.37,29,0,9.24,CL,2020-11-07 20:36:43
170,Angoram,-4.06,144.07,74.37,95,86,1.52,PG,2020-11-07 20:36:43
171,Katsuura,35.13,140.3,60.8,77,75,8.05,JP,2020-11-07 20:36:44
172,Saint Anthony,45.02,-93.22,73.4,52,1,16.11,US,2020-11-07 20:36:44
173,Jacqueville,5.21,-4.41,82.4,83,20,8.05,CI,2020-11-07 20:36:44
174,Dunedin,-45.87,170.5,51.01,61,93,18.01,NZ,2020-11-07 20:36:44
175,Pangnirtung,66.15,-65.71,10.4,85,90,9.17,CA,2020-11-07 20:36:44
176,Krasnyy Chikoy,50.36,108.75,13.57,92,64,3.15,RU,2020-11-07 20:36:44
177,Kalach-Na-Donu,48.69,43.53,42.26,86,75,13.42,RU,2020-11-07 20:36:44
178,Castro,-24.79,-50.01,71.47,51,0,3.6,BR,2020-11-07 20:36:44
179,Natitingou,10.3,1.38,77.0,50,11,2.24,BJ,2020-11-07 20:36:44
180,Vestmanna,62.16,-7.17,41.0,86,85,1.12,FO,2020-11-07 20:36:44
181,Ottumwa,41.02,-92.41,73.0,46,1,18.34,US,2020-11-07 20:32:02
182,Kaitangata,-46.28,169.85,51.01,55,95,11.01,NZ,2020-11-07 20:36:44
183,Esperance,-33.87,121.9,55.4,100,7,8.05,AU,2020-11-07 20:36:44
184,Pitimbu,-7.47,-34.81,80.6,78,40,17.22,BR,2020-11-07 20:36:44
185,Wilmington,34.23,-77.94,78.8,57,1,11.41,US,2020-11-07 20:32:21
186,Sidi Ali,36.1,0.42,63.77,73,0,2.39,DZ,2020-11-07 20:36:45
187,Victor Harbor,-35.57,138.62,51.01,89,0,9.4,AU,2020-11-07 20:34:05
188,Lac Du Bonnet,50.25,-96.06,37.99,64,100,10.29,CA,2020-11-07 20:36:45
189,Flagstaff,35.2,-111.65,55.0,57,90,24.16,US,2020-11-07 20:35:08
190,Zbarazh,49.66,25.78,43.52,91,0,4.9,UA,2020-11-07 20:36:45
191,Sinnamary,5.38,-52.95,81.25,78,46,14.74,GF,2020-11-07 20:36:45
192,Mitsamiouli,-11.38,43.28,79.92,73,99,10.0,KM,2020-11-07 20:36:45
193,Yerofey Pavlovich,53.97,121.97,6.26,85,57,3.51,RU,2020-11-07 20:35:08
194,Sao Filipe,14.9,-24.5,79.7,76,28,16.06,CV,2020-11-07 20:36:45
195,Kahului,20.89,-156.47,84.2,62,40,19.46,US,2020-11-07 20:36:45
196,Puerto Ayora,-0.74,-90.35,78.8,65,20,23.04,EC,2020-11-07 20:36:46
197,Airai,-8.93,125.41,62.82,56,90,2.24,TL,2020-11-07 20:36:46
198,Batemans Bay,-35.72,150.18,54.0,77,0,3.76,AU,2020-11-07 20:34:09
199,Georgetown,5.41,100.34,78.8,88,40,3.36,MY,2020-11-07 20:36:46
200,Khatanga,71.97,102.5,-4.34,87,9,12.75,RU,2020-11-07 20:36:46
201,Los Algarrobos,8.5,-82.43,80.01,78,75,9.17,PA,2020-11-07 20:36:46
202,Itaueira,-7.6,-43.03,82.94,64,50,3.87,BR,2020-11-07 20:36:46
203,Klaksvik,62.23,-6.59,41.0,86,85,1.12,FO,2020-11-07 20:36:46
204,Manono,-7.3,27.42,72.23,87,88,3.69,CD,2020-11-07 20:36:46
205,Cedartown,34.05,-85.25,71.01,85,98,5.32,US,2020-11-07 20:33:14
206,Torbay,47.67,-52.73,46.99,87,75,33.33,CA,2020-11-07 20:36:46
207,Shingu,33.73,135.98,61.79,88,100,4.92,JP,2020-11-07 20:36:46
208,Petropavlovsk-Kamchatskiy,53.05,158.65,19.4,85,46,8.95,RU,2020-11-07 20:36:46
209,Mayumba,-3.43,10.66,77.97,90,97,8.41,GA,2020-11-07 20:36:46
210,Kamphaeng Phet,16.25,99.5,73.13,88,82,3.15,TH,2020-11-07 20:36:46
211,Mayo,38.89,-76.51,70.0,55,1,6.93,US,2020-11-07 20:36:47
212,Pochutla,15.74,-96.47,89.01,62,40,6.33,MX,2020-11-07 20:36:47
213,Terrace,54.52,-128.6,33.8,69,5,12.75,CA,2020-11-07 20:32:35
214,Mantua,45.17,10.78,52.0,96,2,3.0,IT,2020-11-07 20:36:47
215,Denpasar,-8.65,115.22,75.97,83,7,4.23,ID,2020-11-07 20:36:28
216,Iqaluit,63.75,-68.51,10.4,78,75,5.82,CA,2020-11-07 20:34:08
217,Mount Isa,-20.73,139.5,77.0,12,18,9.17,AU,2020-11-07 20:32:43
218,Havoysund,71.0,24.66,35.6,91,100,58.61,NO,2020-11-07 20:36:47
219,Ostrovnoy,68.05,39.51,35.24,86,100,20.07,RU,2020-11-07 20:33:00
220,Lata,40.16,-8.33,60.01,92,85,1.99,PT,2020-11-07 20:36:47
221,Bucerias,20.75,-105.33,86.0,55,5,8.05,MX,2020-11-07 20:36:47
222,Bengkulu,-3.8,102.27,75.83,85,84,3.74,ID,2020-11-07 20:36:47
223,Avarua,-21.21,-159.78,75.2,83,98,3.36,CK,2020-11-07 20:36:47
224,Guiratinga,-16.35,-53.76,87.82,47,70,4.52,BR,2020-11-07 20:36:47
225,Sibolga,1.74,98.78,77.0,80,100,4.36,ID,2020-11-07 20:36:47
226,Tuatapere,-46.13,167.68,50.0,57,39,10.0,NZ,2020-11-07 20:36:47
227,Tezu,27.92,96.17,65.97,41,0,4.14,IN,2020-11-07 20:36:48
228,Amapa,1.0,-52.0,79.93,78,100,4.0,BR,2020-11-07 20:36:48
229,Becerril,9.7,-73.28,83.57,77,98,1.61,CO,2020-11-07 20:36:48
230,Cap Malheureux,-19.98,57.61,71.01,75,21,3.0,MU,2020-11-07 20:36:48
231,Alofi,-19.06,-169.92,77.0,78,75,12.75,NU,2020-11-07 20:36:48
232,Ullapool,57.9,-5.16,44.01,94,21,5.3,GB,2020-11-07 20:36:48
233,Carnarvon,-24.87,113.63,69.8,77,75,14.99,AU,2020-11-07 20:36:48
234,Severnoye,56.35,78.36,37.98,76,100,11.65,RU,2020-11-07 20:36:48
235,Berlevag,70.86,29.09,38.84,75,85,25.23,NO,2020-11-07 20:32:04
236,College,64.86,-147.8,26.01,94,100,3.15,US,2020-11-07 20:36:48
237,Margate,51.38,1.39,54.0,91,31,1.01,GB,2020-11-07 20:32:51
238,Port Lincoln,-34.73,135.87,60.22,71,29,16.11,AU,2020-11-07 20:36:48
239,Iwade,34.25,135.32,66.2,77,93,14.99,JP,2020-11-07 20:36:48
240,Talnakh,69.49,88.4,19.4,79,75,13.42,RU,2020-11-07 20:33:06
241,Chiredzi,-21.05,31.67,84.67,37,0,8.93,ZW,2020-11-07 20:36:49
242,Tilichiki,60.47,166.1,17.65,94,0,7.7,RU,2020-11-07 20:36:49
243,Sandnessjoen,66.02,12.63,39.2,80,98,2.24,NO,2020-11-07 20:36:49
244,Gofitskoye,45.08,43.05,48.16,70,100,22.77,RU,2020-11-07 20:36:49
245,Asheville,35.6,-82.55,68.0,72,90,5.82,US,2020-11-07 20:36:49
246,Lucapa,-8.42,20.74,67.37,98,100,3.51,AO,2020-11-07 20:36:49
247,Banjar,-8.19,114.97,75.58,74,9,6.06,ID,2020-11-07 20:36:49
248,Faya,18.39,42.45,62.6,63,0,1.86,SA,2020-11-07 20:36:49
249,Deputatskiy,69.3,139.9,-6.23,92,96,3.4,RU,2020-11-07 20:36:49
250,Bedele,8.46,36.35,55.69,98,93,3.36,ET,2020-11-07 20:36:49
251,Coracao De Jesus,-16.69,-44.37,89.6,38,40,8.05,BR,2020-11-07 20:36:49
252,Banda Aceh,5.56,95.32,78.46,79,99,2.37,ID,2020-11-07 20:36:50
253,Kirovskiy,45.09,133.51,30.69,92,30,2.75,RU,2020-11-07 20:36:50
254,Noumea,-22.28,166.46,79.0,78,88,2.24,NC,2020-11-07 20:33:51
255,Rapid Valley,44.06,-103.15,75.99,27,1,11.41,US,2020-11-07 20:36:50
256,Hondo,32.45,130.2,64.0,82,80,5.01,JP,2020-11-07 20:36:50
257,Marsala,37.8,12.44,66.0,87,0,3.36,IT,2020-11-07 20:36:50
258,Calabozo,8.92,-67.43,83.68,84,30,1.25,VE,2020-11-07 20:34:01
259,Seoul,37.57,126.98,51.8,76,1,12.77,KR,2020-11-07 20:35:27
260,Laranjal Paulista,-23.05,-47.84,78.96,34,0,7.07,BR,2020-11-07 20:34:33
261,Ibra,22.69,58.53,65.91,89,0,0.76,OM,2020-11-07 20:36:50
262,Camacha,33.08,-16.33,64.4,82,20,2.24,PT,2020-11-07 20:36:50
263,Huzhou,30.87,120.09,59.0,69,0,6.53,CN,2020-11-07 20:36:50
264,Gat,31.61,34.76,68.0,74,59,5.95,IL,2020-11-07 20:33:36
265,Cabo San Lucas,22.89,-109.91,84.0,65,40,10.29,MX,2020-11-07 20:36:50
266,Nagahama,35.38,136.27,55.0,96,51,5.26,JP,2020-11-07 20:35:14
267,Bridlington,54.08,-0.19,43.0,100,1,1.12,GB,2020-11-07 20:36:51
268,Nhulunbuy,-12.23,136.77,77.0,83,87,9.15,AU,2020-11-07 20:36:51
269,Sarangani,5.4,125.46,82.04,76,100,5.64,PH,2020-11-07 20:36:51
270,Saint-Pierre,-21.34,55.48,73.4,78,0,11.41,RE,2020-11-07 20:36:51
271,Namibe,-15.2,12.15,70.39,67,28,10.27,AO,2020-11-07 20:36:51
272,Atar,20.52,-13.05,87.04,18,99,9.69,MR,2020-11-07 20:31:55
273,Talaja,21.35,72.05,77.94,50,0,8.63,IN,2020-11-07 20:36:51
274,Takoradi,4.88,-1.76,79.05,86,99,9.08,GH,2020-11-07 20:36:51
275,Miracema Do Tocantins,-9.56,-48.4,81.95,69,98,3.76,BR,2020-11-07 20:36:51
276,Dayong,25.02,118.29,69.8,83,90,8.95,CN,2020-11-07 20:36:52
277,Tasiilaq,65.61,-37.64,28.4,92,75,9.17,GL,2020-11-07 20:36:52
278,Sitka,57.05,-135.33,35.6,80,40,4.7,US,2020-11-07 20:36:52
279,Sorland,67.67,12.69,39.87,71,100,15.28,NO,2020-11-07 20:36:52
280,Taltal,-25.4,-70.48,63.27,66,24,5.73,CL,2020-11-07 20:36:52
281,Guangyuan,32.44,105.82,55.0,92,0,3.65,CN,2020-11-07 20:36:52
282,Anloga,5.79,0.9,82.4,83,20,11.41,GH,2020-11-07 20:36:52
283,Santa Cruz De Tenerife,28.47,-16.25,68.0,93,40,3.36,ES,2020-11-07 20:36:52
284,Bayburt,40.26,40.23,35.15,87,7,2.37,TR,2020-11-07 20:36:52
285,Taksimo,56.34,114.88,2.8,82,100,1.01,RU,2020-11-07 20:36:52
286,Baruun-Urt,46.68,113.28,14.5,84,0,6.17,MN,2020-11-07 20:34:56
287,Richards Bay,-28.78,32.04,71.56,92,2,7.81,ZA,2020-11-07 20:36:52
288,Labuhan,-6.88,112.21,78.49,80,0,9.04,ID,2020-11-07 20:36:52
289,Goderich,43.75,-81.72,64.4,52,100,13.87,CA,2020-11-07 20:36:52
290,Emba,48.83,58.14,38.43,77,86,19.89,KZ,2020-11-07 20:36:53
291,Mucuri,-18.09,-39.55,77.43,82,0,8.61,BR,2020-11-07 20:36:53
292,Beitbridge,-22.22,30.0,91.13,28,12,7.96,ZW,2020-11-07 20:36:53
293,Zlitan,32.47,14.57,68.88,65,0,9.75,LY,2020-11-07 20:36:53
294,Turukhansk,65.82,87.98,18.5,97,100,18.95,RU,2020-11-07 20:36:53
295,Salalah,17.02,54.09,75.2,69,0,2.24,OM,2020-11-07 20:33:04
296,Anadyr,64.75,177.48,21.2,85,75,6.71,RU,2020-11-07 20:36:53
297,Carauari,-4.88,-66.9,87.67,60,95,1.12,BR,2020-11-07 20:36:53
298,Buin,-33.73,-70.75,87.8,19,0,9.17,CL,2020-11-07 20:36:53
299,Skelleftea,64.75,20.95,37.4,64,0,16.11,SE,2020-11-07 20:36:53
300,Belmonte,-15.86,-38.88,78.8,83,40,12.75,BR,2020-11-07 20:36:53
301,Zarand,30.81,56.56,47.52,50,14,2.35,IR,2020-11-07 20:33:09
302,Florianopolis,-27.61,-48.5,75.2,60,20,14.99,BR,2020-11-07 20:35:19
303,Jinchang,38.5,102.17,37.71,55,0,2.84,CN,2020-11-07 20:36:53
304,Nouadhibou,20.93,-17.03,71.6,73,67,16.11,MR,2020-11-07 20:36:54
305,Yantal,56.85,105.25,22.17,95,100,6.26,RU,2020-11-07 20:36:54
306,Shaowu,27.34,117.48,61.75,72,40,2.19,CN,2020-11-07 20:36:54
307,Acarau,-2.89,-40.12,81.25,72,55,18.28,BR,2020-11-07 20:36:54
308,Quatre Cocos,-20.21,57.76,73.4,78,40,6.93,MU,2020-11-07 20:36:54
309,Grand Gaube,-20.01,57.66,71.01,75,26,3.0,MU,2020-11-07 20:36:54
310,Ballina,-28.87,153.57,64.0,88,90,8.05,AU,2020-11-07 20:36:54
311,Oneonta,42.45,-75.06,58.42,73,100,4.05,US,2020-11-07 20:36:54
312,Los Alamos,35.89,-106.31,61.0,43,90,16.11,US,2020-11-07 20:36:54
313,Robertsport,6.75,-11.37,80.71,83,9,7.43,LR,2020-11-07 20:36:54
314,Tebingtinggi,3.33,99.16,75.61,91,100,2.93,ID,2020-11-07 20:36:54
315,Kenai,60.55,-151.26,25.0,85,90,12.75,US,2020-11-07 20:36:54
316,Muyezerskiy,63.93,31.65,36.19,78,9,15.32,RU,2020-11-07 20:36:54
317,Kavieng,-2.57,150.8,83.16,68,44,7.52,PG,2020-11-07 20:36:55
318,Prince Rupert,54.32,-130.32,41.0,65,1,13.87,CA,2020-11-07 20:36:55
319,Mzimba,-11.9,33.6,72.95,41,0,14.41,MW,2020-11-07 20:36:55
320,Kibre Mengist,5.88,38.98,60.76,95,100,1.32,ET,2020-11-07 20:36:55
321,Ivybridge,50.39,-3.92,55.99,92,100,1.99,GB,2020-11-07 20:36:55
322,Aviles,43.55,-5.92,59.0,77,40,3.36,ES,2020-11-07 20:36:55
323,Hofn,64.25,-15.21,41.76,83,100,11.99,IS,2020-11-07 20:36:55
324,Moscow,55.75,37.62,71.11,93,0,6.71,RU,2020-11-07 20:36:45
325,Garissa,-0.45,39.64,80.89,62,21,13.98,KE,2020-11-07 20:36:55
326,Kieta,-6.22,155.63,81.45,74,3,1.07,PG,2020-11-07 20:36:55
327,Asfi,32.3,-9.24,66.2,77,27,4.05,MA,2020-11-07 20:36:55
328,Necochea,-38.55,-58.74,63.64,77,0,9.6,AR,2020-11-07 20:36:55
329,Puerto Vallarta,20.62,-105.23,86.0,55,5,8.05,MX,2020-11-07 20:36:55
330,Cockeysville,39.48,-76.64,71.01,36,0,2.82,US,2020-11-07 20:36:55
331,San Rafael,-34.62,-68.33,87.06,19,2,11.77,AR,2020-11-07 20:36:56
332,Bubaque,11.28,-15.83,84.97,77,0,14.25,GW,2020-11-07 20:36:56
333,Dunda,-8.12,34.25,69.49,52,5,1.92,TZ,2020-11-07 20:36:56
334,Luanda,-8.84,13.23,78.8,83,75,8.05,AO,2020-11-07 20:36:56
335,Henties Bay,-22.12,14.28,60.01,90,0,1.99,NA,2020-11-07 20:36:56
336,Swan River,52.11,-101.27,26.6,92,100,14.99,CA,2020-11-07 20:36:56
337,Barcelos,41.54,-8.62,60.8,87,40,17.22,PT,2020-11-07 20:35:17
338,Ostersund,63.18,14.64,39.2,80,81,10.29,SE,2020-11-07 20:36:56
339,Sao Miguel Do Araguaia,-13.28,-50.16,81.84,61,100,4.25,BR,2020-11-07 20:34:20
340,Solnechnyy,50.72,136.63,18.95,87,100,6.17,RU,2020-11-07 20:36:56
341,Port Keats,-14.25,129.55,82.96,63,3,3.44,AU,2020-11-07 20:36:56
342,Port Blair,11.67,92.75,80.96,80,0,7.36,IN,2020-11-07 20:36:56
343,Alugan,12.22,125.48,75.33,87,73,2.15,PH,2020-11-07 20:36:56
344,Yar-Sale,66.83,70.83,27.12,99,97,2.91,RU,2020-11-07 20:33:06
345,Neiafu,-18.65,-173.98,77.0,65,20,5.82,TO,2020-11-07 20:32:38
346,Key Biscayne,25.69,-80.16,80.6,78,90,14.99,US,2020-11-07 20:36:57
347,Sakaiminato,35.55,133.23,55.4,100,75,6.93,JP,2020-11-07 20:36:57
348,Vao,-22.67,167.48,73.31,73,73,11.32,NC,2020-11-07 20:36:57
349,Saint-Felicien,48.65,-72.45,39.2,60,90,3.36,CA,2020-11-07 20:36:57
350,Tateyama,34.98,139.87,63.0,77,75,8.05,JP,2020-11-07 20:32:05
351,Otorohanga,-38.18,175.2,64.99,85,89,11.01,NZ,2020-11-07 20:36:57
352,Prado,-17.34,-39.22,76.44,87,2,7.23,BR,2020-11-07 20:36:57
353,Olovo,44.13,18.58,39.2,100,0,2.24,BA,2020-11-07 20:36:57
354,Amuntai,-2.42,115.25,73.63,95,100,1.41,ID,2020-11-07 20:36:57
355,Olafsvik,64.89,-23.71,41.27,68,91,30.15,IS,2020-11-07 20:36:57
356,Bathsheba,13.22,-59.52,82.4,83,40,17.22,BB,2020-11-07 20:36:57
357,Gazanjyk,39.24,55.52,52.74,76,95,3.33,TM,2020-11-07 20:36:57
358,Guamuchil,25.47,-108.1,90.0,60,0,11.01,MX,2020-11-07 20:36:57
359,Arawa,-6.21,155.54,81.27,75,1,0.72,PG,2020-11-07 20:36:58
360,Leningradskiy,69.38,178.42,19.65,96,100,11.39,RU,2020-11-07 20:36:58
361,Coihueco,-36.62,-71.83,82.4,32,0,11.41,CL,2020-11-07 20:36:58
362,Placerville,38.73,-120.8,55.99,45,1,6.93,US,2020-11-07 20:34:38
363,Serebryanyy Bor,56.8,124.8,-3.73,89,100,7.63,RU,2020-11-07 20:36:58
364,Trairi,-3.28,-39.27,80.51,73,26,11.99,BR,2020-11-07 20:32:48
365,Fortuna,40.6,-124.16,55.99,62,20,16.11,US,2020-11-07 20:36:58
366,Buala,-8.14,159.59,83.01,72,5,3.76,SB,2020-11-07 20:36:58
367,Hervey Bay,-25.3,152.85,70.0,69,3,3.0,AU,2020-11-07 20:33:57
368,Neuquen,-38.95,-68.06,86.0,28,0,11.41,AR,2020-11-07 20:36:58
369,Avera,33.19,-82.53,80.6,54,40,10.29,US,2020-11-07 20:35:08
370,Santa Fe,-31.63,-60.7,90.0,27,2,5.01,AR,2020-11-07 20:35:26
371,Paso De Los Toros,-32.82,-56.52,80.6,42,20,11.41,UY,2020-11-07 20:36:58
372,Kroya,-7.63,109.25,64.99,81,51,3.8,ID,2020-11-07 20:36:58
373,Khovu-Aksy,51.13,93.6,28.42,92,5,4.14,RU,2020-11-07 20:36:59
374,Likasi,-10.98,26.73,69.31,49,0,2.59,CD,2020-11-07 20:36:59
375,Macas,-2.32,-78.12,71.6,78,40,4.7,EC,2020-11-07 20:36:59
376,Dharmapuri,12.13,78.17,69.78,95,31,2.95,IN,2020-11-07 20:36:59
377,Mecca,21.43,39.83,77.5,64,6,3.4,SA,2020-11-07 20:36:59
378,Thinadhoo,0.53,72.93,83.71,72,94,8.81,MV,2020-11-07 20:36:59
379,Pontes E Lacerda,-15.23,-59.34,94.68,31,100,4.47,BR,2020-11-07 20:36:59
380,Bilibino,68.05,166.44,0.39,90,100,2.06,RU,2020-11-07 20:36:59
381,Aklavik,68.22,-135.01,33.8,55,75,4.7,CA,2020-11-07 20:36:59
382,Laguna,38.42,-121.42,62.01,41,1,5.82,US,2020-11-07 20:36:59
383,Inuvik,68.35,-133.72,28.4,63,0,4.7,CA,2020-11-07 20:33:58
384,Yulara,-25.24,130.99,71.6,15,32,6.93,AU,2020-11-07 20:36:59
385,Beloha,-25.17,45.05,71.46,69,0,2.08,MG,2020-11-07 20:37:00
386,Pasco,28.29,-82.42,82.99,67,100,4.0,US,2020-11-07 20:37:00
387,Malakal,9.53,31.66,78.62,28,90,3.69,SS,2020-11-07 20:37:00
388,Port Alberni,49.24,-124.8,46.0,65,0,4.9,CA,2020-11-07 20:35:01
389,Ambon,-3.7,128.18,75.99,16,80,9.37,ID,2020-11-07 20:37:00
390,Ust-Kishert,57.37,57.25,34.59,93,100,10.56,RU,2020-11-07 20:37:00
391,Arbroath,56.56,-2.59,42.01,100,90,2.24,GB,2020-11-07 20:37:00
392,Ahipara,-35.17,173.17,64.89,71,31,13.09,NZ,2020-11-07 20:37:00
393,Coquimbo,-29.95,-71.34,62.6,67,0,13.87,CL,2020-11-07 20:33:50
394,Nizhniye Sergi,56.66,59.3,33.24,95,100,3.18,RU,2020-11-07 20:33:05
395,Tual,-5.67,132.75,82.81,69,91,12.41,ID,2020-11-07 20:37:00
396,Lethem,3.38,-59.8,84.79,69,100,7.83,GY,2020-11-07 20:37:00
397,Khandyga,62.67,135.6,-9.0,89,98,0.2,RU,2020-11-07 20:37:00
398,Maneromango,-7.2,38.78,77.0,88,40,4.7,TZ,2020-11-07 20:37:00
399,Zhigansk,66.77,123.37,-16.26,88,61,5.28,RU,2020-11-07 20:37:00
400,Marystown,47.17,-55.15,46.99,100,26,8.99,CA,2020-11-07 20:37:01
401,Manta,-0.95,-80.73,80.6,65,40,8.05,EC,2020-11-07 20:37:01
402,Bensonville,6.45,-10.61,78.8,94,20,3.58,LR,2020-11-07 20:37:01
403,Raudeberg,61.99,5.14,45.0,96,83,3.74,NO,2020-11-07 20:37:01
404,Vranov,48.89,15.81,37.99,88,0,4.56,CZ,2020-11-07 20:37:01
405,Biak,-0.91,122.88,77.43,76,98,6.42,ID,2020-11-07 20:37:01
406,Canandaigua,42.87,-77.29,73.4,33,1,5.82,US,2020-11-07 20:35:07
407,Nola,40.92,14.53,59.0,72,0,3.36,IT,2020-11-07 20:37:01
408,Darya Khan,31.79,71.1,60.71,31,0,1.34,PK,2020-11-07 20:37:01
409,Tarakan,3.3,117.63,77.88,83,100,11.9,ID,2020-11-07 20:37:01
410,Ginda,30.69,78.49,48.34,41,0,5.32,IN,2020-11-07 20:37:02
411,Windsor,42.3,-83.02,69.8,45,1,14.99,CA,2020-11-07 20:34:06
412,Barmer,25.75,71.38,73.22,26,0,3.62,IN,2020-11-07 20:37:02
413,Axim,4.87,-2.24,78.73,87,71,7.34,GH,2020-11-07 20:37:02
414,Mahibadhoo,3.78,72.97,83.43,77,99,10.89,MV,2020-11-07 20:37:02
415,Rosario,-32.95,-60.64,86.0,35,0,11.41,AR,2020-11-07 20:37:02
416,Tainan,22.99,120.21,69.01,88,75,8.05,TW,2020-11-07 20:35:22
417,Struthers,41.05,-80.61,75.2,35,1,3.8,US,2020-11-07 20:37:02
418,Lumeje,-11.55,20.78,71.17,78,87,3.89,AO,2020-11-07 20:37:02
419,Tiznit,29.58,-9.5,63.39,68,17,0.98,MA,2020-11-07 20:37:02
420,Vestmannaeyjar,63.44,-20.27,44.6,87,75,21.92,IS,2020-11-07 20:37:02
421,Ancud,-41.87,-73.82,64.4,52,0,9.17,CL,2020-11-07 20:37:02
422,Hambantota,6.12,81.12,79.14,81,0,9.75,LK,2020-11-07 20:37:02
423,Kodinsk,58.69,99.18,31.87,98,100,3.69,RU,2020-11-07 20:37:03
424,Sheregesh,52.92,87.99,33.37,93,24,3.33,RU,2020-11-07 20:37:03
425,Melaka,2.2,102.24,77.0,94,20,4.65,MY,2020-11-07 20:37:03
426,Ternate,0.8,127.4,81.14,78,42,9.51,ID,2020-11-07 20:37:03
427,Shaunavon,49.65,-108.42,30.2,100,100,3.36,CA,2020-11-07 20:37:03
428,Sisimiut,66.94,-53.67,15.49,85,99,14.76,GL,2020-11-07 20:37:03
429,Dawlatabad,36.41,64.91,61.63,27,74,4.81,AF,2020-11-07 20:37:03
430,Sudbury,46.49,-80.99,62.6,67,75,12.75,CA,2020-11-07 20:35:38
431,Beringovskiy,63.05,179.32,28.6,89,34,7.65,RU,2020-11-07 20:37:03
432,Kinsale,51.71,-8.53,54.0,100,75,9.17,IE,2020-11-07 20:37:03
433,Buta,2.79,24.73,71.29,97,100,1.43,CD,2020-11-07 20:37:03
434,Alta Floresta,-9.88,-56.09,91.4,52,40,4.7,BR,2020-11-07 20:37:03
435,Lorengau,-2.02,147.27,81.95,69,23,7.61,PG,2020-11-07 20:37:03
436,Teya,60.38,92.63,38.12,86,100,11.45,RU,2020-11-07 20:37:04
437,Nouakchott,18.09,-15.98,80.6,61,0,16.11,MR,2020-11-07 20:34:21
438,Northam,51.03,-4.22,55.99,94,100,1.99,GB,2020-11-07 20:37:04
439,San Quintin,30.48,-115.95,65.82,52,0,17.4,MX,2020-11-07 20:37:04
440,Goshogawara,40.8,140.44,53.01,76,20,1.99,JP,2020-11-07 20:37:04
441,Ketchikan,55.34,-131.65,39.2,69,1,20.8,US,2020-11-07 20:35:16
442,Safford,32.83,-109.71,77.0,25,90,4.7,US,2020-11-07 20:37:04
443,Viedma,-40.81,-63.0,73.0,45,68,1.99,AR,2020-11-07 20:37:04
444,Gorontalo,0.54,123.06,75.33,80,100,3.09,ID,2020-11-07 20:37:04
445,Birecik,37.03,37.99,51.8,71,0,5.88,TR,2020-11-07 20:37:04
446,Asyut,27.18,31.18,64.4,68,0,4.7,EG,2020-11-07 20:37:04
447,Sioux Lookout,50.1,-91.92,32.0,81,90,6.93,CA,2020-11-07 20:37:04
448,Znamenskoye,57.13,73.83,38.21,77,98,9.22,RU,2020-11-07 20:37:04
449,Shetpe,44.17,52.12,42.21,76,97,7.63,KZ,2020-11-07 20:37:04
450,Dumabato,16.32,121.7,72.59,92,100,4.88,PH,2020-11-07 20:37:04
451,Daru,-9.08,143.21,76.57,91,98,5.55,PG,2020-11-07 20:37:04
452,Uyuni,-20.46,-66.83,54.7,49,78,21.83,BO,2020-11-07 20:37:05
453,Matongo,-2.38,34.08,69.49,76,52,2.59,TZ,2020-11-07 20:37:05
454,Ridgecrest,35.62,-117.67,46.99,77,100,1.99,US,2020-11-07 20:34:14
455,Port Arthur,38.8,121.27,44.6,30,0,11.18,CN,2020-11-07 20:37:05
456,Nkowakowa,-23.89,30.29,75.2,36,0,3.36,ZA,2020-11-07 20:37:05
457,Paamiut,61.99,-49.67,28.67,90,100,17.52,GL,2020-11-07 20:37:05
458,Ranong,9.97,98.63,76.96,87,59,4.0,TH,2020-11-07 20:37:05
459,Quelimane,-17.88,36.89,80.6,78,0,14.99,MZ,2020-11-07 20:37:05
460,Flinders,-34.58,150.86,59.0,71,49,6.8,AU,2020-11-07 20:37:05
461,Izhma,65.01,53.91,32.58,97,99,5.41,RU,2020-11-07 20:37:05
462,San Jeronimo,-11.95,-75.28,56.07,59,87,4.94,PE,2020-11-07 20:37:05
463,Achit,56.8,57.9,33.82,96,100,4.94,RU,2020-11-07 20:37:05
464,Owando,-0.48,15.9,72.9,92,72,2.3,CG,2020-11-07 20:37:05
465,Erzin,36.96,36.2,64.0,52,0,7.0,TR,2020-11-07 20:37:05
466,Masaya,11.97,-86.09,86.0,70,40,13.87,NI,2020-11-07 20:37:06
467,Roma,43.21,-75.46,69.8,46,1,10.29,US,2020-11-07 20:34:18
468,Mutoko,-17.4,32.23,76.03,26,0,4.16,ZW,2020-11-07 20:37:06
469,Goryachegorsk,55.41,88.92,38.48,82,67,6.78,RU,2020-11-07 20:37:06
470,Kati,12.74,-8.07,80.6,39,0,6.93,ML,2020-11-07 20:37:06
471,Isangel,-19.55,169.27,80.89,71,0,7.76,VU,2020-11-07 20:37:06
472,Puquio,-14.7,-74.13,61.95,33,67,12.03,PE,2020-11-07 20:37:06
473,Sept-Iles,50.2,-66.38,33.8,55,35,6.93,CA,2020-11-07 20:37:06
474,Leh,34.17,77.58,27.95,61,0,3.44,IN,2020-11-07 20:37:06
475,Kherson,46.66,32.62,42.8,87,0,4.47,UA,2020-11-07 20:37:06
476,Dinard,48.63,-2.06,59.0,77,0,6.93,FR,2020-11-07 20:37:06
477,Sorong,-0.88,131.25,80.22,85,100,11.14,ID,2020-11-07 20:32:31
478,Saratov,51.57,46.03,39.0,76,29,14.0,RU,2020-11-07 20:37:07
479,Hovd,48.01,91.64,27.34,90,64,0.78,MN,2020-11-07 20:32:08
480,Wicklow,53.0,-6.42,52.0,87,90,6.93,IE,2020-11-07 20:37:07
481,Zalesovo,53.99,84.74,35.55,87,91,7.74,RU,2020-11-07 20:37:07
482,Kalmunai,7.42,81.82,78.75,84,35,3.42,LK,2020-11-07 20:37:07
483,De Aar,-30.65,24.01,69.51,31,0,10.71,ZA,2020-11-07 20:37:07
484,Karratha,-20.74,116.85,69.96,67,0,9.91,AU,2020-11-07 20:33:25
485,Marsh Harbour,26.54,-77.06,79.18,76,100,27.07,BS,2020-11-07 20:37:07
486,Sobolevo,54.43,31.9,45.3,84,97,11.21,RU,2020-11-07 20:37:07
487,Hit,33.64,42.83,67.68,47,100,9.08,IQ,2020-11-07 20:37:07
488,Keti Bandar,24.14,67.45,77.22,54,0,6.44,PK,2020-11-07 20:37:07
489,Gonc,48.47,21.28,44.01,93,0,3.36,HU,2020-11-07 20:37:07
490,Vila,42.03,-8.16,55.0,94,98,4.61,PT,2020-11-07 20:37:07
491,Adelaide,-34.93,138.6,59.0,47,0,11.41,AU,2020-11-07 20:34:25
492,Shakawe,-18.37,21.85,82.15,35,21,4.99,BW,2020-11-07 20:37:07
493,Tallahassee,30.44,-84.28,80.6,69,75,4.7,US,2020-11-07 20:34:18
494,Tsiroanomandidy,-18.77,46.03,74.8,68,100,3.33,MG,2020-11-07 20:37:08
495,Tampakan,6.44,124.93,73.08,87,99,0.58,PH,2020-11-07 20:37:08
496,Wanaka,-44.7,169.15,45.0,77,100,1.01,NZ,2020-11-07 20:35:25
497,Virginia Beach,36.85,-75.98,73.4,56,20,6.93,US,2020-11-07 20:34:45
498,Nador,35.17,-2.93,64.4,77,0,2.24,MA,2020-11-07 20:37:08
499,Antofagasta,-23.65,-70.4,64.4,68,40,14.99,CL,2020-11-07 20:34:18
500,Riviere-Du-Loup,47.83,-69.53,44.6,56,99,4.7,CA,2020-11-07 20:37:08
501,Hamilton,39.18,-84.53,73.99,33,1,9.17,US,2020-11-07 20:32:38
502,Tottori,35.5,134.23,58.44,76,6,4.65,JP,2020-11-07 20:37:08
503,Devils Lake,48.11,-98.87,33.8,80,90,11.41,US,2020-11-07 20:35:25
504,Knysna,-34.04,23.05,60.8,87,0,10.29,ZA,2020-11-07 20:37:08
505,Batticaloa,7.71,81.69,79.23,83,14,3.06,LK,2020-11-07 20:37:08
506,Te Anau,-45.42,167.72,45.05,69,79,7.29,NZ,2020-11-07 20:37:08
507,Taranagar,28.67,75.04,67.06,25,0,3.58,IN,2020-11-07 20:37:08
508,Boshnyakovo,49.63,142.17,27.34,91,98,4.16,RU,2020-11-07 20:37:09
509,Sault Sainte Marie,46.52,-84.33,66.2,63,1,11.41,CA,2020-11-07 20:37:09
510,Gemena,3.25,19.77,71.47,94,95,1.86,CD,2020-11-07 20:37:09
511,Syracuse,37.09,15.28,62.6,87,20,3.36,IT,2020-11-07 20:37:09
512,Udachnyy,66.42,112.4,-2.2,84,0,6.71,RU,2020-11-07 20:36:01
513,Kulhudhuffushi,6.62,73.07,83.68,77,99,15.99,MV,2020-11-07 20:37:09
514,Kantunilkin,21.09,-87.45,84.2,70,40,9.17,MX,2020-11-07 20:32:46
515,Bulgan,48.81,103.53,27.28,86,0,2.95,MN,2020-11-07 20:37:09
516,Luderitz,-26.65,15.16,62.85,86,0,5.12,NA,2020-11-07 20:37:09
517,Naranjito,-2.22,-79.48,84.2,54,75,6.93,EC,2020-11-07 20:37:09
518,Lavrentiya,65.58,-171.0,28.69,96,53,10.0,RU,2020-11-07 20:37:09
519,Cravo Norte,6.3,-70.2,88.16,61,88,4.76,CO,2020-11-07 20:37:10
520,Mount Gambier,-37.83,140.77,39.2,93,0,4.7,AU,2020-11-07 20:37:10
521,Wanxian,30.8,108.39,58.35,73,0,2.19,CN,2020-11-07 20:37:10
522,Thakurgaon,26.03,88.47,65.35,71,0,4.07,BD,2020-11-07 20:37:10
523,Havelock,34.88,-76.9,75.0,73,90,12.75,US,2020-11-07 20:37:10
524,Sumatac,45.1,15.86,41.0,90,0,1.01,BA,2020-11-07 20:37:10
525,Rio Verde De Mato Grosso,-18.92,-54.84,93.13,33,32,2.01,BR,2020-11-07 20:37:10
526,Plettenberg Bay,-34.05,23.37,61.65,73,0,1.63,ZA,2020-11-07 20:37:10
527,Matara,5.95,80.54,77.05,87,0,5.66,LK,2020-11-07 20:37:10
528,Zhangye,38.93,100.45,39.56,51,0,6.02,CN,2020-11-07 20:37:10
529,Itacoatiara,-3.14,-58.44,88.12,59,81,0.65,BR,2020-11-07 20:37:10
530,Hurricane,37.18,-113.29,59.0,22,75,20.8,US,2020-11-07 20:34:53
531,Vilcun,-38.65,-72.23,68.0,60,0,11.41,CL,2020-11-07 20:37:10
532,Great Bend,38.36,-98.76,73.99,56,1,28.86,US,2020-11-07 20:37:10
533,Road Town,18.42,-64.62,84.2,74,40,6.93,VG,2020-11-07 20:37:11
534,Saravena,6.95,-71.88,80.83,87,85,2.13,CO,2020-11-07 20:37:11
535,Contamana,-7.33,-75.02,96.01,35,91,3.91,PE,2020-11-07 20:37:11
536,Ola,59.58,151.28,11.19,87,100,14.99,RU,2020-11-07 20:37:11
537,Erdenet,49.03,104.08,24.21,85,0,3.09,MN,2020-11-07 20:37:11
538,Along,28.17,94.77,55.69,52,0,2.13,IN,2020-11-07 20:37:11
539,Oranjemund,-28.55,16.43,62.83,86,27,4.18,NA,2020-11-07 20:37:11
540,Teguise,29.06,-13.56,69.8,68,20,4.7,ES,2020-11-07 20:37:11
541,Brownsville,25.9,-97.5,84.2,54,20,11.41,US,2020-11-07 20:35:23
542,Samarai,-10.62,150.67,81.41,82,13,8.01,PG,2020-11-07 20:37:11
543,Bintulu,3.17,113.03,77.0,94,20,2.28,MY,2020-11-07 20:37:11
544,Arrifes,37.77,-25.7,60.8,72,40,8.05,PT,2020-11-07 20:37:11
545,Bartica,6.4,-58.62,80.6,94,40,6.93,GY,2020-11-07 20:37:12
546,Pinheiral,-22.51,-44.0,73.4,69,90,8.05,BR,2020-11-07 20:37:12
547,Ambilobe,-13.2,49.05,74.35,77,100,4.07,MG,2020-11-07 20:37:12
548,Hasaki,35.73,140.83,57.2,93,75,2.24,JP,2020-11-07 20:37:12
549,Goundam,16.41,-3.67,84.4,13,0,10.96,ML,2020-11-07 20:37:12
550,Bowen,-20.02,148.23,69.8,94,38,4.7,AU,2020-11-07 20:35:17
551,Parksville,49.32,-124.32,46.4,65,20,20.8,CA,2020-11-07 20:37:12
552,Genhe,50.78,121.52,5.45,92,63,3.69,CN,2020-11-07 20:37:12
553,Sao Joao Da Barra,-21.64,-41.05,77.0,65,75,11.41,BR,2020-11-07 20:37:12
554,Melur,10.05,78.33,78.8,88,19,5.82,IN,2020-11-07 20:37:12
555,Shu,43.6,73.76,55.26,30,100,11.03,KZ,2020-11-07 20:37:12
556,Hammerfest,70.66,23.68,35.6,90,100,58.61,NO,2020-11-07 20:37:12
557,Sangueya,10.7,-14.37,79.27,87,0,3.33,GN,2020-11-07 20:37:12
558,Sao Jose Da Coroa Grande,-8.9,-35.15,78.3,82,22,11.81,BR,2020-11-07 20:37:12
559,Vila Franca Do Campo,37.72,-25.43,60.8,72,40,8.05,PT,2020-11-07 20:37:13
560,Dongsheng,39.82,109.98,30.16,75,0,5.37,CN,2020-11-07 20:37:13
561,Fairbanks,64.84,-147.72,26.01,94,100,3.06,US,2020-11-07 20:37:13
562,Asopos,36.73,22.87,59.92,66,0,18.57,GR,2020-11-07 20:37:13
563,Catamarca,-28.47,-65.79,89.01,27,4,11.01,AR,2020-11-07 20:37:13
564,Havre-Saint-Pierre,50.23,-63.6,33.8,50,1,10.29,CA,2020-11-07 20:37:13
565,Ampanihy,-24.7,44.75,75.34,54,0,2.95,MG,2020-11-07 20:37:13
566,Mudon,16.26,97.72,76.1,86,89,3.78,MM,2020-11-07 20:37:13
567,Mastic Beach,40.77,-72.85,70.0,46,1,6.93,US,2020-11-07 20:37:14
568,San Juan,-31.54,-68.54,89.73,19,8,17.6,AR,2020-11-07 20:37:14
569,Sukhumi,43.0,41.02,52.52,73,5,3.06,GE,2020-11-07 20:37:14
570,Lompoc,34.64,-120.46,57.2,82,75,10.29,US,2020-11-07 20:37:14
571,Knyaze-Volkonskoye,48.46,135.46,26.6,92,90,4.47,RU,2020-11-07 20:37:14
572,Fort Nelson,58.81,-122.7,12.2,85,75,4.21,CA,2020-11-07 20:36:54
573,Chaiyaphum,15.75,102.0,71.58,80,74,8.79,TH,2020-11-07 20:37:14
574,Kaspiysk,42.88,47.64,50.0,66,40,31.32,RU,2020-11-07 20:37:14
575,Juneau,58.3,-134.42,25.0,92,75,3.62,US,2020-11-07 20:35:16
576,Luganville,-15.53,167.17,82.4,83,75,3.36,VU,2020-11-07 20:37:14
577,Xichang,27.9,102.26,54.55,66,99,2.71,CN,2020-11-07 20:37:14
578,Minab,27.15,57.08,69.8,83,0,6.93,IR,2020-11-07 20:37:14
579,Taebla,58.95,23.74,48.99,91,100,10.0,EE,2020-11-07 20:37:14
580,Kishtwar,33.32,75.77,44.06,43,0,4.5,IN,2020-11-07 20:37:15
581,Tautira,-17.73,-149.15,84.2,70,20,12.75,PF,2020-11-07 20:37:15
582,Tiradentes,-21.11,-44.18,75.2,69,40,10.29,BR,2020-11-07 20:37:15
583,La Concordia,13.2,-86.17,68.0,100,90,7.36,NI,2020-11-07 20:37:15
584,Muisne,0.6,-80.03,82.4,74,75,12.75,EC,2020-11-07 20:37:15
585,Mujiayingzi,42.12,118.78,23.11,66,0,5.19,CN,2020-11-07 20:37:15
586,Shubarkuduk,49.14,56.49,39.25,74,99,20.71,KZ,2020-11-07 20:37:15
587,Arona,28.1,-16.68,70.0,60,20,5.82,ES,2020-11-07 20:37:15
588,Sergeyevka,53.88,67.42,41.45,72,100,13.85,KZ,2020-11-07 20:37:15
589,Saint-Georges,12.06,-61.75,84.2,83,40,16.11,GD,2020-11-07 20:37:15
590,Maumere,-8.62,122.21,80.11,71,88,3.2,ID,2020-11-07 20:37:15
591,Prince George,53.92,-122.75,33.01,77,1,11.41,CA,2020-11-07 20:33:29
592,Tupik,54.43,119.93,7.5,89,82,0.98,RU,2020-11-07 20:37:15
593,Wageningen,51.97,5.67,48.99,100,32,3.36,NL,2020-11-07 20:34:11
594,Marrakesh,31.63,-8.01,66.2,59,0,4.7,MA,2020-11-07 20:37:16
595,Maiduguri,11.85,13.16,75.88,23,0,8.08,NG,2020-11-07 20:37:16
596,Kerema,-7.96,145.78,77.56,88,95,6.2,PG,2020-11-07 20:37:16
597,Les Cayes,18.2,-73.75,80.17,82,100,10.74,HT,2020-11-07 20:37:16
598,Tambopata,-12.73,-69.18,98.29,28,68,2.19,PE,2020-11-07 20:37:16
599,Odweyne,9.41,45.06,70.2,34,9,3.22,SO,2020-11-07 20:37:16
600,Half Moon Bay,37.46,-122.43,61.0,66,1,14.99,US,2020-11-07 20:37:16
601,Guarapari,-20.67,-40.5,77.0,78,75,6.93,BR,2020-11-07 20:37:16
602,Chara,56.91,118.26,-5.48,77,80,2.51,RU,2020-11-07 20:37:16
603,Haines Junction,60.75,-137.51,-5.8,70,100,1.12,CA,2020-11-07 20:37:16
604,Qaqortoq,60.72,-46.03,28.4,74,75,3.36,GL,2020-11-07 20:37:16
605,Ritchie,-29.04,24.6,68.0,42,0,8.05,ZA,2020-11-07 20:37:16
606,Kemlya,54.7,45.24,36.45,93,30,4.47,RU,2020-11-07 20:37:17
607,Sembakung,3.82,117.25,74.86,97,100,1.36,ID,2020-11-07 20:37:17
608,Nadapuram,11.7,75.67,80.6,88,20,2.24,IN,2020-11-07 20:37:17
609,Maragogi,-9.01,-35.22,77.85,82,22,11.48,BR,2020-11-07 20:37:17
610,Maniitsoq,65.42,-52.9,21.34,87,100,14.16,GL,2020-11-07 20:37:17
611,Rawson,-43.3,-65.1,67.55,36,97,21.97,AR,2020-11-07 20:37:17
612,Nyalikungu,-3.18,33.78,73.4,66,72,6.8,TZ,2020-11-07 20:37:17
613,Saint-Augustin,51.23,-58.65,31.86,89,0,13.98,CA,2020-11-07 20:37:17
614,Iquique,-20.22,-70.14,68.0,52,0,12.75,CL,2020-11-07 20:34:19
615,Linqu,36.52,118.54,43.14,54,0,6.51,CN,2020-11-07 20:37:17
616,Gold Coast,-28.0,153.43,66.99,88,75,10.29,AU,2020-11-07 20:37:18
617,Griffith,41.53,-87.42,73.0,40,1,13.87,US,2020-11-07 20:33:55
618,San Patricio,28.02,-97.52,82.4,54,20,12.75,US,2020-11-07 20:37:18
619,Sur,22.57,59.53,75.36,76,0,7.58,OM,2020-11-07 20:37:18
620,Lienz,46.83,12.77,37.0,97,0,3.53,AT,2020-11-07 20:37:18
621,Luena,-11.78,19.92,62.94,92,100,2.06,AO,2020-11-07 20:37:18
622,Talcahuano,-36.72,-73.12,66.2,55,0,21.92,CL,2020-11-07 20:37:18
623,Poronaysk,49.22,143.12,29.1,94,100,9.48,RU,2020-11-07 20:37:18
624,Nizhniy Baskunchak,48.22,46.83,43.38,68,95,14.92,RU,2020-11-07 20:37:18
625,Moindou,-21.69,165.68,75.2,78,60,2.24,NC,2020-11-07 20:37:18
626,Zemlyansk,51.9,38.73,41.0,80,0,8.95,RU,2020-11-07 20:37:18
627,Mayya,61.73,130.28,-0.98,77,40,8.95,RU,2020-11-07 20:37:19
628,Jishou,28.32,109.72,55.13,71,0,2.46,CN,2020-11-07 20:35:24
629,Arman,59.7,150.17,8.58,86,99,15.95,RU,2020-11-07 20:37:19
630,Muros,42.78,-9.06,60.01,89,22,11.99,ES,2020-11-07 20:37:19
631,Agutaya,11.15,120.94,78.66,83,100,14.83,PH,2020-11-07 20:37:19
632,Puerto Escondido,15.85,-97.07,87.8,70,20,5.82,MX,2020-11-07 20:37:19
633,Makakilo City,21.35,-158.09,84.2,70,40,6.93,US,2020-11-07 20:37:19
634,Qunduz,36.73,68.86,56.48,34,32,2.06,AF,2020-11-07 20:37:19
635,High Level,58.52,-117.14,15.8,72,75,4.7,CA,2020-11-07 20:37:19
636,Morelia,19.7,-101.18,77.0,33,20,5.82,MX,2020-11-07 20:33:44
637,Lisakovsk,52.54,62.49,40.14,87,100,9.48,KZ,2020-11-07 20:37:19
638,Caledon East,43.87,-79.87,69.8,43,75,14.99,CA,2020-11-07 20:37:19
639,Bata,1.86,9.77,77.0,100,40,4.7,GQ,2020-11-07 20:37:19
640,Marawi,8.0,124.29,73.99,90,100,4.0,PH,2020-11-07 20:37:19
641,Xining,36.62,101.77,31.23,81,16,1.9,CN,2020-11-07 20:34:58
642,Boende,-0.22,20.87,70.93,90,100,1.19,CD,2020-11-07 20:37:20
643,Anton Lizardo,19.05,-95.98,86.0,51,20,10.29,MX,2020-11-07 20:37:20
644,Iquitos,-3.75,-73.25,89.6,66,75,3.36,PE,2020-11-07 20:37:20
645,Storforshei,66.4,14.52,36.0,93,49,1.99,NO,2020-11-07 20:37:20
646,Alakurtti,66.97,30.35,34.0,78,38,8.99,RU,2020-11-07 20:37:20
647,Nishihara,26.18,127.76,75.2,100,1,3.36,JP,2020-11-07 20:37:20
648,Najran,17.49,44.13,69.8,26,0,1.88,SA,2020-11-07 20:37:20
649,Loyga,61.08,44.61,36.09,95,98,10.63,RU,2020-11-07 20:37:20
650,Akureyri,65.68,-18.09,46.4,84,75,20.8,IS,2020-11-07 20:37:20
651,Santa Maria,-29.68,-53.81,86.0,42,0,9.17,BR,2020-11-07 20:37:20
652,Nigde,37.83,34.75,37.49,81,5,5.5,TR,2020-11-07 20:37:20
653,Greensburg,40.3,-79.54,72.0,35,1,0.85,US,2020-11-07 20:37:20
654,Cumberland,35.05,-78.87,78.8,60,40,4.7,US,2020-11-07 20:37:20
655,Aste,45.79,11.1,53.01,78,0,2.71,IT,2020-11-07 20:37:21
656,North Bend,43.41,-124.22,53.6,71,90,14.99,US,2020-11-07 20:37:21
657,Tucupita,9.06,-62.05,79.68,93,100,4.27,VE,2020-11-07 20:37:21
658,Rivadavia,-33.19,-68.46,86.0,23,0,10.29,AR,2020-11-07 20:37:21
659,Aden,12.78,45.04,79.66,74,3,17.49,YE,2020-11-07 20:34:14
660,Santiago,-33.46,-70.65,88.0,19,0,9.17,CL,2020-11-07 20:37:21
661,Nordfjordeid,61.91,5.99,46.0,95,99,1.99,NO,2020-11-07 20:37:21
662,Brae,60.4,-1.35,44.6,100,74,2.06,GB,2020-11-07 20:33:45
663,Tena,-0.98,-77.82,66.2,93,75,6.93,EC,2020-11-07 20:37:21
664,Mopti,14.67,-4.0,81.59,15,0,8.63,ML,2020-11-07 20:37:21
665,Kjopsvik,68.1,16.37,39.99,89,75,11.41,NO,2020-11-07 20:37:21
666,Bathurst,-33.42,149.58,51.01,75,0,3.0,AU,2020-11-07 20:36:47
667,Golden,39.76,-105.22,73.4,17,75,17.22,US,2020-11-07 20:37:21
668,Omboue,-1.57,9.26,77.77,87,75,8.81,GA,2020-11-07 20:37:21
669,Alghero,40.56,8.32,57.99,93,0,3.36,IT,2020-11-07 20:37:21
670,Majene,-3.54,118.97,77.56,84,84,4.59,ID,2020-11-07 20:37:21
671,Mitu,1.2,-70.17,78.49,95,99,3.0,CO,2020-11-07 20:37:22
